PAIS;CONTINENTE;PERIODO;CASOS_COVID;MUERTES_COVID;MUERTES_VIH;POBLACION;AREA_KM2;PROMEDIO_EDAD;COVERTURA_TERAPIA_VIH
Afghanistan;Asia;2020;49273;1971;540;38928346;652,86;18;9
Albania;Europe;2020;48530;1003;99;2877797;27,4;36;47
Algeria;Africa;2020;92102;2596;350;43851044;2381740;29;85
Andorra;Europe;2020;7338;79;;77265;470;46;
Angola;Africa;2020;16188;371;16000;32866272;1246700;17;33
Anguilla;America;2020;10;0;;15003;90;36;
Antigua_and_Barbuda;America;2020;148;4;;97929;440;34;
Argentina;America;2020;1498160;40766;1400;45195774;2736690;32;65
Armenia;Europe;2020;148682;2503;99;2963243;28,47;35;48
Aruba;America;2020;5049;46;;106766;180;41;
Australia;Oceania;2020;28031;908;99;25499884;7682300;38;85
Austria;Europe;2020;320036;4400;;9006398;82409;43;
Azerbaijan;Europe;2020;175874;1922;150;10139177;82658;32;57
Bahamas;America;2020;7674;163;;393244;10,01;32;63
Bahrain;Asia;2020;89143;348;;1701575;760;32;
Bangladesh;Asia;2020;490533;7052;;164689383;130,17;28;
Barbados;America;2020;292;7;;287375;430;40;
Belarus;Europe;2020;160295;1263;350;9449323;202,91;40;66
Belgium;Europe;2020;608001;17951;;11589623;30,28;42;
Belize;America;2020;9295;195;300;397628;22,81;25;39
Benin;Africa;2020;3090;44;2000;12123200;112,76;19;70
Bermuda;America;2020;431;9;;62278;50;44;
Bhutan;Asia;2020;438;0;150;771608;38117;28;45
Bolivia;America;2020;147150;9018;350;11673021;1083300;26;68
Bonaire, Saint Eustatius and Saba;America;2020;173;3;;20104;288;42;
Bosnia_and_Herzegovina;Europe;2020;101117;3336;;3280819;51;43;
Botswana;Africa;2020;12501;37;5100;2351627;566,73;24;87
Brazil;America;2020;6901952;181402;13000;212559417;8358140;33;70
British_Virgin_Islands;America;2020;76;1;;30231;150;35;
Brunei_Darussalam;Asia;2020;152;3;;437479;5,27;32;
Bulgaria;Europe;2020;179449;5688;;6948445;108,56;45;
Burkina_Faso;Africa;2020;4030;71;3300;20903273;273,6;18;72
Burundi;Africa;2020;729;1;1700;11890784;25,68;17;88
Cambodia;Asia;2020;359;0;1200;16718965;176,52;26;83
Cameroon;Africa;2020;25143;443;14000;26545863;472,71;19;74
Canada;America;2020;460743;13431;;37742154;9093510;41;73
Cape_Verde;Africa;2020;11357;110;99;555987;4,03;28;83
Cayman_Islands;America;2020;298;2;;65722;240;40;
Central_African_Republic;Africa;2020;4936;63;3200;4829767;622,98;18;58
Chad;Africa;2020;1770;102;3000;16425864;1259200;17;69
Chile;America;2020;571919;15886;;19116201;743532;35;70
China;Asia;2020;91994;4739;;1439323776;9388211;38;
Colombia;America;2020;1425774;39053;3000;50882891;1109500;31;64
Comoros;Africa;2020;628;7;99;869601;1861;20;62
Congo;Africa;2020;6049;99;6100;5518087;341,5;19;24
Costa_Rica;America;2020;150947;1895;499;5094118;51,06;33;53
Cote_dIvoire;Africa;2020;21680;133;9400;26378274;318;19;74
Croatia;Europe;2020;175886;2640;99;4105267;55,96;44;75
Cuba;America;2020;9423;137;540;11326616;106,44;42;75
Curaçao;America;2020;3624;11;;164093;444;42;
Cyprus;Europe;2020;15101;78;;1207359;9,24;37;
Czech_Republic;Europe;2020;581079;9609;;10708981;77,24;43;
Democratic_Republic_of_the_Congo;Africa;2020;14512;355;17000;89561403;2267050;17;75
Denmark;Europe;2020;109758;941;99;5792202;42,43;42;90
Djibouti;Africa;2020;5728;61;365;988;23,18;27;30
Dominica;America;2020;87;0;;71986;750;35;
Dominican_Republic;America;2020;154692;2361;1900;10847910;48,32;28;51
Ecuador;America;2020;202110;13875;700;17643054;248,36;28;76
Egypt;Africa;2020;121575;6920;499;102334404;995,45;25;44
El_Salvador;America;2020;41880;1205;630;6486205;20,72;28;56
Equatorial_Guinea;Africa;2020;5185;85;2300;1402985;28,05;22;38
Eritrea;Africa;2020;711;0;360;3546421;101;19;73
Estonia;Europe;2020;18055;149;99;1326535;42,39;42;66
Eswatini;Africa;2020;6768;127;2400;1160164;17,2;21;91
Ethiopia;Africa;2020;116769;1806;13000;114963588;1000000;19;78
Falkland_Islands_(Malvinas);America;2020;19;0;;348;12,17;38;
Faroe_Islands;Europe;2020;528;0;;48863;1396;37;
Fiji;Oceania;2020;46;2;99;896445;18,27;28;40
Finland;Europe;2020;30810;453;;5540720;303,89;43;
France;Europe;2020;2376852;57911;;65273511;547557;42;
French_Polynesia;Oceania;2020;15618;91;;280908;3,66;34;
Gabon;Africa;2020;9330;63;930;2225734;257,67;23;52
Gambia;Africa;2020;3782;123;1300;2416668;10,12;18;31
Georgia;Europe;2020;191063;1839;99;3989167;69,49;38;65
Germany;Europe;2020;1337078;21975;575;83783942;348,56;46;86
Ghana;Africa;2020;53014;327;13000;31072940;227,54;22;60
Gibraltar;Europe;2020;1075;5;;33691;10;35;
Greece;Europe;2020;124534;3625;99;10423054;128,9;46;67
Greenland;America;2020;19;0;;5677;410,45;34;
Grenada;America;2020;69;0;;112523;340;32;
Guam;Oceania;2020;7106;118;;168775;540;31;
Guatemala;America;2020;129282;4423;760;17915568;107,16;23;64
Guernsey;Europe;2020;289;13;;62792;65;44;
Guinea;Africa;2020;13420;79;3300;13132795;245,72;18;49
Guinea_Bissau;Africa;2020;2444;44;1500;1968001;28,12;19;59
Guyana;America;2020;5920;155;150;786552;196,85;27;66
Haiti;America;2020;9565;234;2200;11402528;27,56;24;80
Holy_See;Europe;2020;26;0;;801;0,44;70;
Honduras;America;2020;114359;2975;680;9904607;111,89;24;54
Hungary;Europe;2020;283870;7130;;9660351;90,53;43;
Iceland;Europe;2020;5557;28;99;341243;100,25;37;88
India;Asia;2020;9884100;143355;;1380004385;2973190;28;64
Indonesia;Asia;2020;617820;18819;24000;273523615;1811570;30;26
Iran;Asia;2020;1108269;52196;3200;83992949;1628550;32;29
Iraq;Asia;2020;574634;12579;;40222493;434,32;21;
Ireland;Europe;2020;76185;2124;99;4937786;68,89;38;85
Isle_of_Man;Europe;2020;370;25;;85032;572;45;
Israel;Asia;2020;357859;2999;;8655535;21,64;30;
Italy;Europe;2020;1843712;64520;;60461826;294,14;47;91
Jamaica;America;2020;11710;273;800;2961167;10,83;31;40
Japan;Asia;2020;179653;2585;99;126476461;364555;48;
Jersey;Europe;2020;1779;32;;173863;119,5;37;
Jordan;Asia;2020;259614;3365;99;10203134;88,78;24;37
Kazakhstan;Asia;2020;186277;2552;350;18776707;2699700;31;57
Kenya;Africa;2020;91892;1587;19000;53771296;569,14;20;86
Kosovo;Europe;2020;46580;1198;;1873000;10887;31;
Kuwait;Asia;2020;146218;911;;4270571;17,82;37;
Kyrgyzstan;Asia;2020;77674;1312;150;6524195;191,8;26;48
Laos;Asia;2020;41;0;499;7275560;230,8;24;54
Latvia;Europe;2020;25675;349;;1886198;62,2;44;
Lebanon;Asia;2020;146520;1200;99;6825445;10,23;30;68
Lesotho;Africa;2020;2250;44;4700;2142249;30,36;24;82
Liberia;Africa;2020;1676;83;1300;5057681;96,32;19;53
Libya;Africa;2020;90779;1299;99;6871292;1759540;29;49
Liechtenstein;Europe;2020;1514;18;;38128;160;44;
Lithuania;Europe;2020;95021;825;;2722289;62674;45;
Luxembourg;Europe;2020;41272;396;;625978;2,59;40;
Madagascar;Africa;2020;17638;258;1800;27691018;581795;20;14
Malawi;Africa;2020;6066;187;12000;19129952;94,28;18;86
Malaysia;Asia;2020;83475;415;2000;32365999;328,55;30;51
Maldives;Asia;2020;13368;48;;540544;300;30;
Mali;Africa;2020;5814;194;4600;20250833;1220190;16;52
Malta;Europe;2020;11101;166;;441543;320;43;
Marshall_Islands;Oceania;2020;4;0;;5919;180;24;
Mauritania;Africa;2020;10780;222;545;4649658;1030700;20;40
Mauritius;Africa;2020;515;10;820;1271768;2,03;37;21
Mexico;America;2020;1250044;113953;4300;128932753;1943950;29;55
Moldova;Europe;2020;126518;2572;535;4033963;32,85;38;47
Monaco;Europe;2020;668;2;;39242;2,1;55;
Mongolia;Asia;2020;912;0;99;3278290;1553560;28;35
Montenegro;Europe;2020;41426;582;;628066;13,45;39;50
Montserrat;America;2020;13;1;;4992;100;34;
Morocco;Africa;2020;399609;6624;515;36910560;446,3;30;76
Mozambique;Africa;2020;16954;142;38000;31255435;786,38;18;68
Myanmar;Asia;2020;108342;2268;;54409800;653,29;29;
Namibia;Africa;2020;16536;160;3000;2540905;823,29;22;88
Nepal;Asia;2020;248423;1698;640;29136808;143,35;25;66
Netherlands;Europe;2020;612746;10034;150;17134872;33,72;43;88
New_Caledonia;Oceania;2020;36;0;;285498;18,28;34;
New_Zealand;Oceania;2020;1740;25;99;4822233;263,31;38;80
Nicaragua;America;2020;5887;162;350;6624554;120,34;26;50
Niger;Africa;2020;2258;80;1100;24206644;1266700;15;68
Nigeria;Africa;2020;73175;1197;49000;206139589;910,77;18;86
North_Macedonia;Europe;2020;73638;2121;;2083374;25,22;39;
Northern_Mariana_Islands;Oceania;2020;113;2;;57559;460;34;
Norway;Europe;2020;40022;387;99;5421241;365268;40;80
Oman;Asia;2020;126240;1471;;5106626;309,5;31;
Pakistan;Asia;2020;440787;8832;8200;220892340;770,88;23;12
Palestine;Asia;2020;124657;1079;;4803000;6020;21;
Panama;America;2020;193007;3356;535;4314767;74,34;30;51
Papua_New_Guinea;Oceania;2020;725;8;665;8947024;452,86;22;65
Paraguay;America;2020;93582;1953;3450;7132538;397,3;26;53
Peru;America;2020;984973;36677;960;32971854;1280000;31;79
Philippines;Asia;2020;449400;8733;820;109581078;298,17;26;42
Poland;Europe;2020;1135676;22864;;37846611;306,23;42;
Portugal;Europe;2020;348744;5559;499;10196709;91,59;46;87
Puerto_Rico;America;2020;107158;1272;;2860853;8,87;44;
Qatar;Asia;2020;140961;240;99;2881053;11,61;32;90
Romania;Europe;2020;556335;13385;350;19237691;230,17;43;66
Russia;Europe;2020;2653928;46941;;145934462;16376870;40;
Rwanda;Africa;2020;6659;56;2500;12952218;24,67;20;92
Saint_Kitts_and_Nevis;America;2020;27;0;;53199;260;37;
Saint_Lucia;America;2020;275;4;;183627;610;34;
Saint_Vincent_and_the_Grenadines;America;2020;98;0;;11094;390;33;
San_Marino;Europe;2020;1947;51;;33931;60;45;
Sao_Tome_and_Principe;Africa;2020;1009;17;99;219159;960;19;
Saudi_Arabia;Asia;2020;359888;6048;150;34813871;2149690;32;62
Senegal;Africa;2020;17075;349;1100;16743927;192,53;19;77
Serbia;Europe;2020;266432;2331;99;8737371;87,46;42;65
Seychelles;Africa;2020;187;0;;98347;460;34;
Sierra_Leone;Africa;2020;2440;75;3200;7976983;72,18;19;
Singapore;Asia;2020;58320;29;99;5850342;700;42;75
Sint_Maarten;America;2020;1232;26;;42876;34;41;
Slovakia;Europe;2020;132984;1175;;5459642;48088;41;
Slovenia;Europe;2020;96314;1459;;2078938;20,14;45;87
Solomon_Islands;Oceania;2020;17;0;;686884;27,99;20;
Somalia;Africa;2020;4579;121;530;15893222;627,34;17;43
South_Africa;Africa;2020;860964;23276;83000;59308690;1213090;28;72
South_Korea;Asia;2020;43484;587;;51269185;97,23;44;
South_Sudan;Africa;2020;3206;62;8900;11193725;610952;19;23
Spain;Europe;2020;1730575;47624;740;46754778;498,8;45;85
Sri_Lanka;Asia;2020;32790;152;150;21413249;62,71;34;58
Sudan;Africa;2020;21386;1347;2300;43849260;1765048;20;25
Suriname;America;2020;5353;117;150;586632;156;29;35
Sweden;Europe;2020;320098;7514;;10099265;410,34;41;
Switzerland;Europe;2020;372329;5378;199;8654622;39516;43;
Syria;Asia;2020;9166;518;99;17500658;183,63;26;
Taiwan;Asia;2020;740;7;;23816775;35,41;42;
Tajikistan;Asia;2020;12704;88;499;9537645;139,96;22;56
Thailand;Asia;2020;4237;60;12000;69799978;510,89;40;79
Timor_Leste;Asia;2020;31;0;99;1318445;14,87;21;51
Togo;Africa;2020;3251;66;3000;8278724;54,39;19;72
Trinidad_and_Tobago;America;2020;6879;122;350;1399488;5,13;36;70
Tunisia;Africa;2020;111361;3894;199;11818619;155,36;33;32
Turkey;Europe;2020;995471;16199;;84339067;769,63;32;
Turks_and_Caicos_islands;America;2020;769;6;;38717;950;31;
Uganda;Africa;2020;27532;221;22000;45741007;199,81;17;90
Ukraine;Europe;2020;900666;15247;31000;43733762;579,32;41;57
United_Arab_Emirates;Asia;2020;184949;617;99;9890402;83,6;33;85
United_Kingdom;Europe;2020;1849403;64170;;67886011;241,93;40;
United_Republic_of_Tanzania;Africa;2020;509;21;32000;59734218;885,8;18;82
United_States_of_America;America;2020;16256754;299177;;331002651;9147420;38;
United_States_Virgin_Islands;America;2020;1807;23;;104425;350;43;
Uruguay;America;2020;9708;92;150;3473730;175,02;36;81
Uzbekistan;Asia;2020;75094;612;610;33469203;425,4;28;54
Vanuatu;Oceania;2020;1;0;;307145;12,19;21;
Venezuela;America;2020;107177;949;4200;28435940;882,05;30;55
Vietnam;Asia;2020;1397;35;3800;97338579;310,07;32;
Wallis_and_Futuna;Oceania;2020;3;0;;11239;140;34;
Western_Sahara;Africa;2020;766;1;;597339;266;28;
Yemen;Asia;2020;2083;606;499;29825964;527,97;20;28
Zambia;Africa;2020;18274;367;24000;18383955;743,39;18;81
Zimbabwe;Africa;2020;11246;307;22000;14862924;386,85;19;93
Afghanistan;Asia;2019;;0;900;;;;
Albania;Europe;2019;;;99;;;;
Algeria;Africa;2019;;0;350;;;;
Andorra;Europe;2019;;;;;;;
Angola;Africa;2019;;;17000;;;;
Anguilla;America;2019;;;;;;;
Antigua_and_Barbuda;America;2019;;;;;;;
Argentina;America;2019;;;1400;;;;
Armenia;Europe;2019;;0;99;;;;
Aruba;America;2019;;;;;;;
Australia;Oceania;2019;;0;99;;;;
Austria;Europe;2019;;0;;;;;
Azerbaijan;Europe;2019;;0;300;;;;
Bahamas;America;2019;;;;;;;
Bahrain;Asia;2019;;0;;;;;
Bangladesh;Asia;2019;;;;;;;
Barbados;America;2019;;;;;;;
Belarus;Europe;2019;;0;350;;;;
Belgium;Europe;2019;;0;;;;;
Belize;America;2019;;;300;;;;
Benin;Africa;2019;;;2400;;;;
Bermuda;America;2019;;;;;;;
Bhutan;Asia;2019;;;150;;;;
Bolivia;America;2019;;;350;;;;
Bonaire, Saint Eustatius and Saba;America;2019;;;;;;;
Bosnia_and_Herzegovina;Europe;2019;;;;;;;
Botswana;Africa;2019;;;5400;;;;
Brazil;America;2019;;0;13000;;;;
British_Virgin_Islands;America;2019;;;;;;;
Brunei_Darussalam;Asia;2019;;;;;;;
Bulgaria;Europe;2019;;;;;;;
Burkina_Faso;Africa;2019;;;3500;;;;
Burundi;Africa;2019;;;1900;;;;
Cambodia;Asia;2019;;0;1300;;;;
Cameroon;Africa;2019;;;16000;;;;
Canada;America;2019;;0;;;;;
Cape_Verde;Africa;2019;;;99;;;;
Cayman_Islands;America;2019;;;;;;;
Central_African_Republic;Africa;2019;;;3800;;;;
Chad;Africa;2019;;;3300;;;;
Chile;America;2019;;;;;;;
China;Asia;2019;;0;;;;;
Colombia;America;2019;;;3100;;;;
Comoros;Africa;2019;;;99;;;;
Congo;Africa;2019;;;5500;;;;
Costa_Rica;America;2019;;;350;;;;
Cote_dIvoire;Africa;2019;;;11000;;;;
Croatia;Europe;2019;;0;99;;;;
Cuba;America;2019;;;540;;;;
CuraÃƒÂ§ao;America;2019;;;;;;;
Cyprus;Europe;2019;;;;;;;
Czechia;Europe;2019;;0;;;;;
Democratic_Republic_of_the_Congo;Africa;2019;;;17000;;;;
Denmark;Europe;2019;;0;99;;;;
Djibouti;Africa;2019;;;380;;;;
Dominica;America;2019;;;;;;;
Dominican_Republic;America;2019;;0;2000;;;;
Ecuador;America;2019;;0;750;;;;
Egypt;Africa;2019;;0;499;;;;
El_Salvador;America;2019;;;660;;;;
Equatorial_Guinea;Africa;2019;;;2200;;;;
Eritrea;Africa;2019;;;350;;;;
Estonia;Europe;2019;;0;99;;;;
Eswatini;Africa;2019;;;2500;;;;
Ethiopia;Africa;2019;;;14000;;;;
Falkland_Islands_(Malvinas);America;2019;;;;;;;
Faroe_Islands;Europe;2019;;;;;;;
Fiji;Oceania;2019;;;99;;;;
Finland;Europe;2019;;0;;;;;
France;Europe;2019;;0;;;;;
French_Polynesia;Oceania;2019;;;;;;;
Gabon;Africa;2019;;;1100;;;;
Gambia;Africa;2019;;;1300;;;;
Georgia;Europe;2019;;0;99;;;;
Germany;Europe;2019;;0;560;;;;
Ghana;Africa;2019;;;16000;;;;
Gibraltar;Europe;2019;;;;;;;
Greece;Europe;2019;;0;99;;;;
Greenland;America;2019;;;;;;;
Grenada;America;2019;;;;;;;
Guam;Oceania;2019;;;;;;;
Guatemala;America;2019;;;840;;;;
Guernsey;Europe;2019;;;;;;;
Guinea;Africa;2019;;;3400;;;;
Guinea_Bissau;Africa;2019;;;1600;;;;
Guyana;America;2019;;;150;;;;
Haiti;America;2019;;;2600;;;;
Holy_See;Europe;2019;;;;;;;
Honduras;America;2019;;;680;;;;
Hungary;Europe;2019;;;;;;;
Iceland;Europe;2019;;0;99;;;;
India;Asia;2019;;0;;;;;
Indonesia;Asia;2019;;0;24000;;;;
Iran;Asia;2019;;0;3300;;;;
Iraq;Asia;2019;;0;;;;;
Ireland;Europe;2019;;0;99;;;;
Isle_of_Man;Europe;2019;;;;;;;
Israel;Asia;2019;;0;;;;;
Italy;Europe;2019;;0;;;;;
Jamaica;America;2019;;;890;;;;
Japan;Asia;2019;;0;150;;;;
Jersey;Europe;2019;;;;;;;
Jordan;Asia;2019;;;99;;;;
Kazakhstan;Asia;2019;;;350;;;;
Kenya;Africa;2019;;;20000;;;;
Kosovo;Europe;2019;;;;;;;
Kuwait;Asia;2019;;0;;;;;
Kyrgyzstan;Asia;2019;;;99;;;;
Laos;Asia;2019;;;499;;;;
Latvia;Europe;2019;;;;;;;
Lebanon;Asia;2019;;0;99;;;;
Lesotho;Africa;2019;;;4600;;;;
Liberia;Africa;2019;;;1500;;;;
Libya;Africa;2019;;;150;;;;
Liechtenstein;Europe;2019;;;;;;;
Lithuania;Europe;2019;;0;;;;;
Luxembourg;Europe;2019;;0;;;;;
Madagascar;Africa;2019;;;1700;;;;
Malawi;Africa;2019;;;14000;;;;
Malaysia;Asia;2019;;0;2000;;;;
Maldives;Asia;2019;;;;;;;
Mali;Africa;2019;;;4900;;;;
Malta;Europe;2019;;;;;;;
Marshall_Islands;Oceania;2019;;;;;;;
Mauritania;Africa;2019;;;560;;;;
Mauritius;Africa;2019;;;810;;;;
Mexico;America;2019;;0;4400;;;;
Moldova;Europe;2019;;;555;;;;
Monaco;Europe;2019;;0;;;;;
Mongolia;Asia;2019;;;99;;;;
Montenegro;Europe;2019;;;;;;;
Montserrat;America;2019;;;;;;;
Morocco;Africa;2019;;;555;;;;
Mozambique;Africa;2019;;;39000;;;;
Myanmar;Asia;2019;;;;;;;
Namibia;Africa;2019;;;3200;;;;
Nepal;Asia;2019;;0;710;;;;
Netherlands;Europe;2019;;0;150;;;;
New_Caledonia;Oceania;2019;;;;;;;
New_Zealand;Oceania;2019;;0;99;;;;
Nicaragua;America;2019;;;350;;;;
Niger;Africa;2019;;;1100;;;;
Nigeria;Africa;2019;;0;51000;;;;
North_Macedonia;Europe;2019;;0;;;;;
Northern_Mariana_Islands;Oceania;2019;;;;;;;
Norway;Europe;2019;;0;99;;;;
Oman;Asia;2019;;0;;;;;
Pakistan;Asia;2019;;0;7800;;;;
Palestine;Asia;2019;;;;;;;
Panama;America;2019;;;505;;;;
Papua_New_Guinea;Oceania;2019;;;665;;;;
Paraguay;America;2019;;;590;;;;
Peru;America;2019;;;1100;;;;
Philippines;Asia;2019;;0;710;;;;
Poland;Europe;2019;;;;;;;
Portugal;Europe;2019;;;499;;;;
Puerto_Rico;America;2019;;;;;;;
Qatar;Asia;2019;;0;99;;;;
Romania;Europe;2019;;0;350;;;;
Russia;Europe;2019;;0;;;;;
Rwanda;Africa;2019;;;2700;;;;
Saint_Kitts_and_Nevis;America;2019;;;;;;;
Saint_Lucia;America;2019;;;;;;;
Saint_Vincent_and_the_Grenadines;America;2019;;;;;;;
San_Marino;Europe;2019;;0;;;;;
Sao_Tome_and_Principe;Africa;2019;;;99;;;;
Saudi_Arabia;Asia;2019;;;150;;;;
Senegal;Africa;2019;;;1300;;;;
Serbia;Europe;2019;;;99;;;;
Seychelles;Africa;2019;;;;;;;
Sierra_Leone;Africa;2019;;;3400;;;;
Singapore;Asia;2019;;0;99;;;;
Sint_Maarten;America;2019;;;;;;;
Slovakia;Europe;2019;;;;;;;
Slovenia;Europe;2019;;;;;;;
Solomon_Islands;Oceania;2019;;;;;;;
Somalia;Africa;2019;;;555;;;;
South_Africa;Africa;2019;;;84000;;;;
South_Korea;Asia;2019;;0;;;;;
South_Sudan;Africa;2019;;;8900;;;;
Spain;Europe;2019;;0;740;;;;
Sri_Lanka;Asia;2019;;0;150;;;;
Sudan;Africa;2019;;;2300;;;;
Suriname;America;2019;;;150;;;;
Sweden;Europe;2019;;0;;;;;
Switzerland;Europe;2019;;0;199;;;;
Syria;Asia;2019;;;99;;;;
Taiwan;Asia;2019;;0;;;;;
Tajikistan;Asia;2019;;;499;;;;
Thailand;Asia;2019;;0;14000;;;;
Timor_Leste;Asia;2019;;;99;;;;
Togo;Africa;2019;;;3300;;;;
Trinidad_and_Tobago;America;2019;;;350;;;;
Tunisia;Africa;2019;;;199;;;;
Turkey;Europe;2019;;;;;;;
Turks_and_Caicos_islands;America;2019;;;;;;;
Uganda;Africa;2019;;;22000;;;;
Ukraine;Europe;2019;;;3400;;;;
United_Arab_Emirates;Asia;2019;;0;99;;;;
United_Kingdom;Europe;2019;;0;;;;;
United_Republic_of_Tanzania;Africa;2019;;;35000;;;;
United_States_of_America;America;2019;;0;;;;;
United_States_Virgin_Islands;America;2019;;;;;;;
Uruguay;America;2019;;;150;;;;
Uzbekistan;Asia;2019;;;520;;;;
Vanuatu;Oceania;2019;;;;;;;
Venezuela;America;2019;;;5500;;;;
Vietnam;Asia;2019;;0;3900;;;;
Wallis_and_Futuna;Oceania;2019;;;;;;;
Western_Sahara;Africa;2019;;;;;;;
Yemen;Asia;2019;;;499;;;;
Zambia;Africa;2019;;;27000;;;;
Zimbabwe;Africa;2019;;;20000;;;;
Afghanistan;Asia;2018;;;750;;;;
Albania;Europe;2018;;;99;;;;
Algeria;Africa;2018;;;199;;;;
Andorra;Europe;2018;;;;;;;
Angola;Africa;2018;;;17000;;;;
Anguilla;America;2018;;;;;;;
Antigua_and_Barbuda;America;2018;;;;;;;
Argentina;America;2018;;;1400;;;;
Armenia;Europe;2018;;;150;;;;
Aruba;America;2018;;;;;;;
Australia;Oceania;2018;;;99;;;;
Austria;Europe;2018;;;;;;;
Azerbaijan;Europe;2018;;;350;;;;
Bahamas;America;2018;;;;;;;
Bahrain;Asia;2018;;;;;;;
Bangladesh;Asia;2018;;;;;;;
Barbados;America;2018;;;;;;;
Belarus;Europe;2018;;;350;;;;
Belgium;Europe;2018;;;;;;;
Belize;America;2018;;;300;;;;
Benin;Africa;2018;;;2400;;;;
Bermuda;America;2018;;;;;;;
Bhutan;Asia;2018;;;150;;;;
Bolivia;America;2018;;;350;;;;
Bonaire, Saint Eustatius and Saba;America;2018;;;;;;;
Bosnia_and_Herzegovina;Europe;2018;;;;;;;
Botswana;Africa;2018;;;5300;;;;
Brazil;America;2018;;;14000;;;;
British_Virgin_Islands;America;2018;;;;;;;
Brunei_Darussalam;Asia;2018;;;;;;;
Bulgaria;Europe;2018;;;;;;;
Burkina_Faso;Africa;2018;;;3800;;;;
Burundi;Africa;2018;;;2200;;;;
Cambodia;Asia;2018;;;1400;;;;
Cameroon;Africa;2018;;;18000;;;;
Canada;America;2018;;;;;;;
Cape_Verde;Africa;2018;;;99;;;;
Cayman_Islands;America;2018;;;;;;;
Central_African_Republic;Africa;2018;;;4200;;;;
Chad;Africa;2018;;;3200;;;;
Chile;America;2018;;;;;;;
China;Asia;2018;;;;;;;
Colombia;America;2018;;;2700;;;;
Comoros;Africa;2018;;;99;;;;
Congo;Africa;2018;;;5400;;;;
Costa_Rica;America;2018;;;350;;;;
Cote_dIvoire;Africa;2018;;;14000;;;;
Croatia;Europe;2018;;;99;;;;
Cuba;America;2018;;;525;;;;
CuraÃƒÂ§ao;America;2018;;;;;;;
Cyprus;Europe;2018;;;;;;;
Czechia;Europe;2018;;;;;;;
Democratic_Republic_of_the_Congo;Africa;2018;;;20000;;;;
Denmark;Europe;2018;;;99;;;;
Djibouti;Africa;2018;;;560;;;;
Dominica;America;2018;;;;;;;
Dominican_Republic;America;2018;;;2200;;;;
Ecuador;America;2018;;;550;;;;
Egypt;Africa;2018;;;499;;;;
El_Salvador;America;2018;;;590;;;;
Equatorial_Guinea;Africa;2018;;;2100;;;;
Eritrea;Africa;2018;;;355;;;;
Estonia;Europe;2018;;;99;;;;
Eswatini;Africa;2018;;;2800;;;;
Ethiopia;Africa;2018;;;14000;;;;
Falkland_Islands_(Malvinas);America;2018;;;;;;;
Faroe_Islands;Europe;2018;;;;;;;
Fiji;Oceania;2018;;;99;;;;
Finland;Europe;2018;;;;;;;
France;Europe;2018;;;;;;;
French_Polynesia;Oceania;2018;;;;;;;
Gabon;Africa;2018;;;1200;;;;
Gambia;Africa;2018;;;1300;;;;
Georgia;Europe;2018;;;99;;;;
Germany;Europe;2018;;;555;;;;
Ghana;Africa;2018;;;17000;;;;
Gibraltar;Europe;2018;;;;;;;
Greece;Europe;2018;;;99;;;;
Greenland;America;2018;;;;;;;
Grenada;America;2018;;;;;;;
Guam;Oceania;2018;;;;;;;
Guatemala;America;2018;;;980;;;;
Guernsey;Europe;2018;;;;;;;
Guinea;Africa;2018;;;39000;;;;
Guinea_Bissau;Africa;2018;;;1700;;;;
Guyana;America;2018;;;150;;;;
Haiti;America;2018;;;2600;;;;
Holy_See;Europe;2018;;;;;;;
Honduras;America;2018;;;700;;;;
Hungary;Europe;2018;;;;;;;
Iceland;Europe;2018;;;99;;;;
India;Asia;2018;;;;;;;
Indonesia;Asia;2018;;;24000;;;;
Iran;Asia;2018;;;3500;;;;
Iraq;Asia;2018;;;;;;;
Ireland;Europe;2018;;;99;;;;
Isle_of_Man;Europe;2018;;;;;;;
Israel;Asia;2018;;;;;;;
Italy;Europe;2018;;;;;;;
Jamaica;America;2018;;;970;;;;
Japan;Asia;2018;;;150;;;;
Jersey;Europe;2018;;;;;;;
Jordan;Asia;2018;;;99;;;;
Kazakhstan;Asia;2018;;;350;;;;
Kenya;Africa;2018;;;22000;;;;
Kosovo;Europe;2018;;;;;;;
Kuwait;Asia;2018;;;;;;;
Kyrgyzstan;Asia;2018;;;99;;;;
Laos;Asia;2018;;;499;;;;
Latvia;Europe;2018;;;;;;;
Lebanon;Asia;2018;;;99;;;;
Lesotho;Africa;2018;;;5100;;;;
Liberia;Africa;2018;;;1700;;;;
Libya;Africa;2018;;;99;;;;
Liechtenstein;Europe;2018;;;;;;;
Lithuania;Europe;2018;;;;;;;
Luxembourg;Europe;2018;;;;;;;
Madagascar;Africa;2018;;;1600;;;;
Malawi;Africa;2018;;;15000;;;;
Malaysia;Asia;2018;;;1900;;;;
Maldives;Asia;2018;;;;;;;
Mali;Africa;2018;;;5200;;;;
Malta;Europe;2018;;;;;;;
Marshall_Islands;Oceania;2018;;;;;;;
Mauritania;Africa;2018;;;500;;;;
Mauritius;Africa;2018;;;790;;;;
Mexico;America;2018;;;5000;;;;
Moldova;Europe;2018;;;595;;;;
Monaco;Europe;2018;;;;;;;
Mongolia;Asia;2018;;;99;;;;
Montenegro;Europe;2018;;;;;;;
Montserrat;America;2018;;;;;;;
Morocco;Africa;2018;;;530;;;;
Mozambique;Africa;2018;;;41000;;;;
Myanmar;Asia;2018;;;;;;;
Namibia;Africa;2018;;;33000;;;;
Nepal;Asia;2018;;;780;;;;
Netherlands;Europe;2018;;;150;;;;
New_Caledonia;Oceania;2018;;;;;;;
New_Zealand;Oceania;2018;;;99;;;;
Nicaragua;America;2018;;;350;;;;
Niger;Africa;2018;;;1200;;;;
Nigeria;Africa;2018;;;49000;;;;
North_Macedonia;Europe;2018;;;;;;;
Northern_Mariana_Islands;Oceania;2018;;;;;;;
Norway;Europe;2018;;;99;;;;
Oman;Asia;2018;;;;;;;
Pakistan;Asia;2018;;;6900;;;;
Palestine;Asia;2018;;;;;;;
Panama;America;2018;;;515;;;;
Papua_New_Guinea;Oceania;2018;;;700;;;;
Paraguay;America;2018;;;600;;;;
Peru;America;2018;;;1300;;;;
Philippines;Asia;2018;;;610;;;;
Poland;Europe;2018;;;;;;;
Portugal;Europe;2018;;;499;;;;
Puerto_Rico;America;2018;;;;;;;
Qatar;Asia;2018;;;99;;;;
Romania;Europe;2018;;;350;;;;
Russia;Europe;2018;;;;;;;
Rwanda;Africa;2018;;;2900;;;;
Saint_Kitts_and_Nevis;America;2018;;;;;;;
Saint_Lucia;America;2018;;;;;;;
Saint_Vincent_and_the_Grenadines;America;2018;;;;;;;
San_Marino;Europe;2018;;;;;;;
Sao_Tome_and_Principe;Africa;2018;;;99;;;;
Saudi_Arabia;Asia;2018;;;150;;;;
Senegal;Africa;2018;;;1600;;;;
Serbia;Europe;2018;;;99;;;;
Seychelles;Africa;2018;;;;;;;
Sierra_Leone;Africa;2018;;;3600;;;;
Singapore;Asia;2018;;;99;;;;
Sint_Maarten;America;2018;;;;;;;
Slovakia;Europe;2018;;;;;;;
Slovenia;Europe;2018;;;;;;;
Solomon_Islands;Oceania;2018;;;;;;;
Somalia;Africa;2018;;;540;;;;
South_Africa;Africa;2018;;;86000;;;;
South_Korea;Asia;2018;;;;;;;
South_Sudan;Africa;2018;;;9200;;;;
Spain;Europe;2018;;;730;;;;
Sri_Lanka;Asia;2018;;;199;;;;
Sudan;Africa;2018;;;2400;;;;
Suriname;America;2018;;;150;;;;
Sweden;Europe;2018;;;;;;;
Switzerland;Europe;2018;;;199;;;;
Syria;Asia;2018;;;99;;;;
Taiwan;Asia;2018;;;;;;;
Tajikistan;Asia;2018;;;499;;;;
Thailand;Asia;2018;;;16000;;;;
Timor_Leste;Asia;2018;;;99;;;;
Togo;Africa;2018;;;3900;;;;
Trinidad_and_Tobago;America;2018;;;499;;;;
Tunisia;Africa;2018;;;199;;;;
Turkey;Europe;2018;;;;;;;
Turks_and_Caicos_islands;America;2018;;;;;;;
Uganda;Africa;2018;;;25000;;;;
Ukraine;Europe;2018;;;4200;;;;
United_Arab_Emirates;Asia;2018;;;99;;;;
United_Kingdom;Europe;2018;;;;;;;
United_Republic_of_Tanzania;Africa;2018;;;36000;;;;
United_States_of_America;America;2018;;;;;;;
United_States_Virgin_Islands;America;2018;;;;;;;
Uruguay;America;2018;;;300;;;;
Uzbekistan;Asia;2018;;;810;;;;
Vanuatu;Oceania;2018;;;;;;;
Venezuela;America;2018;;;3700;;;;
Vietnam;Asia;2018;;;4000;;;;
Wallis_and_Futuna;Oceania;2018;;;;;;;
Western_Sahara;Africa;2018;;;;;;;
Yemen;Asia;2018;;;499;;;;
Zambia;Africa;2018;;;26000;;;;
Zimbabwe;Africa;2018;;;23000;;;;
Afghanistan;Asia;2017;;;700;;;;
Albania;Europe;2017;;;99;;;;
Algeria;Africa;2017;;;199;;;;
Andorra;Europe;2017;;;;;;;
Angola;Africa;2017;;;16000;;;;
Anguilla;America;2017;;;;;;;
Antigua_and_Barbuda;America;2017;;;;;;;
Argentina;America;2017;;;1400;;;;
Armenia;Europe;2017;;;150;;;;
Aruba;America;2017;;;;;;;
Australia;Oceania;2017;;;99;;;;
Austria;Europe;2017;;;;;;;
Azerbaijan;Europe;2017;;;350;;;;
Bahamas;America;2017;;;;;;;
Bahrain;Asia;2017;;;;;;;
Bangladesh;Asia;2017;;;;;;;
Barbados;America;2017;;;;;;;
Belarus;Europe;2017;;;525;;;;
Belgium;Europe;2017;;;;;;;
Belize;America;2017;;;300;;;;
Benin;Africa;2017;;;2400;;;;
Bermuda;America;2017;;;;;;;
Bhutan;Asia;2017;;;150;;;;
Bolivia;America;2017;;;350;;;;
Bonaire, Saint Eustatius and Saba;America;2017;;;;;;;
Bosnia_and_Herzegovina;Europe;2017;;;;;;;
Botswana;Africa;2017;;;5300;;;;
Brazil;America;2017;;;14000;;;;
British_Virgin_Islands;America;2017;;;;;;;
Brunei_Darussalam;Asia;2017;;;;;;;
Bulgaria;Europe;2017;;;;;;;
Burkina_Faso;Africa;2017;;;4100;;;;
Burundi;Africa;2017;;;2500;;;;
Cambodia;Asia;2017;;;1500;;;;
Cameroon;Africa;2017;;;21000;;;;
Canada;America;2017;;;;;;;
Cape_Verde;Africa;2017;;;99;;;;
Cayman_Islands;America;2017;;;;;;;
Central_African_Republic;Africa;2017;;;4300;;;;
Chad;Africa;2017;;;3100;;;;
Chile;America;2017;;;;;;;
China;Asia;2017;;;;;;;
Colombia;America;2017;;;2400;;;;
Comoros;Africa;2017;;;99;;;;
Congo;Africa;2017;;;5300;;;;
Costa_Rica;America;2017;;;350;;;;
Cote_dIvoire;Africa;2017;;;17000;;;;
Croatia;Europe;2017;;;99;;;;
Cuba;America;2017;;;510;;;;
CuraÃƒÂ§ao;America;2017;;;;;;;
Cyprus;Europe;2017;;;;;;;
Czechia;Europe;2017;;;;;;;
Democratic_Republic_of_the_Congo;Africa;2017;;;25000;;;;
Denmark;Europe;2017;;;99;;;;
Djibouti;Africa;2017;;;590;;;;
Dominica;America;2017;;;;;;;
Dominican_Republic;America;2017;;;2400;;;;
Ecuador;America;2017;;;640;;;;
Egypt;Africa;2017;;;499;;;;
El_Salvador;America;2017;;;530;;;;
Equatorial_Guinea;Africa;2017;;;2200;;;;
Eritrea;Africa;2017;;;365;;;;
Estonia;Europe;2017;;;99;;;;
Eswatini;Africa;2017;;;3000;;;;
Ethiopia;Africa;2017;;;15000;;;;
Falkland_Islands_(Malvinas);America;2017;;;;;;;
Faroe_Islands;Europe;2017;;;;;;;
Fiji;Oceania;2017;;;99;;;;
Finland;Europe;2017;;;;;;;
France;Europe;2017;;;;;;;
French_Polynesia;Oceania;2017;;;;;;;
Gabon;Africa;2017;;;1200;;;;
Gambia;Africa;2017;;;1200;;;;
Georgia;Europe;2017;;;99;;;;
Germany;Europe;2017;;;545;;;;
Ghana;Africa;2017;;;17000;;;;
Gibraltar;Europe;2017;;;;;;;
Greece;Europe;2017;;;99;;;;
Greenland;America;2017;;;;;;;
Grenada;America;2017;;;;;;;
Guam;Oceania;2017;;;;;;;
Guatemala;America;2017;;;1100;;;;
Guernsey;Europe;2017;;;;;;;
Guinea;Africa;2017;;;3900;;;;
Guinea_Bissau;Africa;2017;;;1700;;;;
Guyana;America;2017;;;150;;;;
Haiti;America;2017;;;3200;;;;
Holy_See;Europe;2017;;;;;;;
Honduras;America;2017;;;780;;;;
Hungary;Europe;2017;;;;;;;
Iceland;Europe;2017;;;99;;;;
India;Asia;2017;;;;;;;
Indonesia;Asia;2017;;;24000;;;;
Iran;Asia;2017;;;3800;;;;
Iraq;Asia;2017;;;;;;;
Ireland;Europe;2017;;;99;;;;
Isle_of_Man;Europe;2017;;;;;;;
Israel;Asia;2017;;;;;;;
Italy;Europe;2017;;;;;;;
Jamaica;America;2017;;;980;;;;
Japan;Asia;2017;;;150;;;;
Jersey;Europe;2017;;;;;;;
Jordan;Asia;2017;;;99;;;;
Kazakhstan;Asia;2017;;;350;;;;
Kenya;Africa;2017;;;25000;;;;
Kosovo;Europe;2017;;;;;;;
Kuwait;Asia;2017;;;;;;;
Kyrgyzstan;Asia;2017;;;99;;;;
Laos;Asia;2017;;;499;;;;
Latvia;Europe;2017;;;;;;;
Lebanon;Asia;2017;;;99;;;;
Lesotho;Africa;2017;;;5800;;;;
Liberia;Africa;2017;;;2100;;;;
Libya;Africa;2017;;;99;;;;
Liechtenstein;Europe;2017;;;;;;;
Lithuania;Europe;2017;;;;;;;
Luxembourg;Europe;2017;;;;;;;
Madagascar;Africa;2017;;;1400;;;;
Malawi;Africa;2017;;;17000;;;;
Malaysia;Asia;2017;;;1900;;;;
Maldives;Asia;2017;;;;;;;
Mali;Africa;2017;;;5400;;;;
Malta;Europe;2017;;;;;;;
Marshall_Islands;Oceania;2017;;;;;;;
Mauritania;Africa;2017;;;540;;;;
Mauritius;Africa;2017;;;750;;;;
Mexico;America;2017;;;4500;;;;
Moldova;Europe;2017;;;510;;;;
Monaco;Europe;2017;;;;;;;
Mongolia;Asia;2017;;;99;;;;
Montenegro;Europe;2017;;;;;;;
Montserrat;America;2017;;;;;;;
Morocco;Africa;2017;;;560;;;;
Mozambique;Africa;2017;;;44000;;;;
Myanmar;Asia;2017;;;;;;;
Namibia;Africa;2017;;;3100;;;;
Nepal;Asia;2017;;;870;;;;
Netherlands;Europe;2017;;;150;;;;
New_Caledonia;Oceania;2017;;;;;;;
New_Zealand;Oceania;2017;;;99;;;;
Nicaragua;America;2017;;;350;;;;
Niger;Africa;2017;;;1400;;;;
Nigeria;Africa;2017;;;48000;;;;
North_Macedonia;Europe;2017;;;;;;;
Northern_Mariana_Islands;Oceania;2017;;;;;;;
Norway;Europe;2017;;;99;;;;
Oman;Asia;2017;;;;;;;
Pakistan;Asia;2017;;;6300;;;;
Palestine;Asia;2017;;;;;;;
Panama;America;2017;;;535;;;;
Papua_New_Guinea;Oceania;2017;;;700;;;;
Paraguay;America;2017;;;670;;;;
Peru;America;2017;;;1400;;;;
Philippines;Asia;2017;;;540;;;;
Poland;Europe;2017;;;;;;;
Portugal;Europe;2017;;;505;;;;
Puerto_Rico;America;2017;;;;;;;
Qatar;Asia;2017;;;99;;;;
Romania;Europe;2017;;;300;;;;
Russia;Europe;2017;;;;;;;
Rwanda;Africa;2017;;;3200;;;;
Saint_Kitts_and_Nevis;America;2017;;;;;;;
Saint_Lucia;America;2017;;;;;;;
Saint_Vincent_and_the_Grenadines;America;2017;;;;;;;
San_Marino;Europe;2017;;;;;;;
Sao_Tome_and_Principe;Africa;2017;;;99;;;;
Saudi_Arabia;Asia;2017;;;150;;;;
Senegal;Africa;2017;;;1700;;;;
Serbia;Europe;2017;;;99;;;;
Seychelles;Africa;2017;;;;;;;
Sierra_Leone;Africa;2017;;;3800;;;;
Singapore;Asia;2017;;;99;;;;
Sint_Maarten;America;2017;;;;;;;
Slovakia;Europe;2017;;;;;;;
Slovenia;Europe;2017;;;;;;;
Solomon_Islands;Oceania;2017;;;;;;;
Somalia;Africa;2017;;;600;;;;
South_Africa;Africa;2017;;;88000;;;;
South_Korea;Asia;2017;;;;;;;
South_Sudan;Africa;2017;;;9500;;;;
Spain;Europe;2017;;;730;;;;
Sri_Lanka;Asia;2017;;;350;;;;
Sudan;Africa;2017;;;2600;;;;
Suriname;America;2017;;;150;;;;
Sweden;Europe;2017;;;;;;;
Switzerland;Europe;2017;;;350;;;;
Syria;Asia;2017;;;99;;;;
Taiwan;Asia;2017;;;;;;;
Tajikistan;Asia;2017;;;499;;;;
Thailand;Asia;2017;;;18000;;;;
Timor_Leste;Asia;2017;;;99;;;;
Togo;Africa;2017;;;4200;;;;
Trinidad_and_Tobago;America;2017;;;499;;;;
Tunisia;Africa;2017;;;199;;;;
Turkey;Europe;2017;;;;;;;
Turks_and_Caicos_islands;America;2017;;;;;;;
Uganda;Africa;2017;;;28000;;;;
Ukraine;Europe;2017;;;5200;;;;
United_Arab_Emirates;Asia;2017;;;99;;;;
United_Kingdom;Europe;2017;;;;;;;
United_Republic_of_Tanzania;Africa;2017;;;38000;;;;
United_States_of_America;America;2017;;;;;;;
United_States_Virgin_Islands;America;2017;;;;;;;
Uruguay;America;2017;;;350;;;;
Uzbekistan;Asia;2017;;;900;;;;
Vanuatu;Oceania;2017;;;;;;;
Venezuela;America;2017;;;2600;;;;
Vietnam;Asia;2017;;;4300;;;;
Wallis_and_Futuna;Oceania;2017;;;;;;;
Western_Sahara;Africa;2017;;;;;;;
Yemen;Asia;2017;;;499;;;;
Zambia;Africa;2017;;;24000;;;;
Zimbabwe;Africa;2017;;;24000;;;;
Afghanistan;Asia;2016;;;650;;;;
Albania;Europe;2016;;;99;;;;
Algeria;Africa;2016;;;199;;;;
Andorra;Europe;2016;;;;;;;
Angola;Africa;2016;;;15000;;;;
Anguilla;America;2016;;;;;;;
Antigua_and_Barbuda;America;2016;;;;;;;
Argentina;America;2016;;;1300;;;;
Armenia;Europe;2016;;;350;;;;
Aruba;America;2016;;;;;;;
Australia;Oceania;2016;;;99;;;;
Austria;Europe;2016;;;;;;;
Azerbaijan;Europe;2016;;;385;;;;
Bahamas;America;2016;;;;;;;
Bahrain;Asia;2016;;;;;;;
Bangladesh;Asia;2016;;;;;;;
Barbados;America;2016;;;;;;;
Belarus;Europe;2016;;;365;;;;
Belgium;Europe;2016;;;;;;;
Belize;America;2016;;;300;;;;
Benin;Africa;2016;;;2600;;;;
Bermuda;America;2016;;;;;;;
Bhutan;Asia;2016;;;150;;;;
Bolivia;America;2016;;;499;;;;
Bonaire, Saint Eustatius and Saba;America;2016;;;;;;;
Bosnia_and_Herzegovina;Europe;2016;;;;;;;
Botswana;Africa;2016;;;5300;;;;
Brazil;America;2016;;;15000;;;;
British_Virgin_Islands;America;2016;;;;;;;
Brunei_Darussalam;Asia;2016;;;;;;;
Bulgaria;Europe;2016;;;;;;;
Burkina_Faso;Africa;2016;;;4600;;;;
Burundi;Africa;2016;;;2900;;;;
Cambodia;Asia;2016;;;1600;;;;
Cameroon;Africa;2016;;;24000;;;;
Canada;America;2016;;;;;;;
Cape_Verde;Africa;2016;;;99;;;;
Cayman_Islands;America;2016;;;;;;;
Central_African_Republic;Africa;2016;;;4900;;;;
Chad;Africa;2016;;;3400;;;;
Chile;America;2016;;;;;;;
China;Asia;2016;;;;;;;
Colombia;America;2016;;;2600;;;;
Comoros;Africa;2016;;;99;;;;
Congo;Africa;2016;;;5200;;;;
Costa_Rica;America;2016;;;350;;;;
Cote_dIvoire;Africa;2016;;;19000;;;;
Croatia;Europe;2016;;;99;;;;
Cuba;America;2016;;;499;;;;
CuraÃƒÂ§ao;America;2016;;;;;;;
Cyprus;Europe;2016;;;;;;;
Czechia;Europe;2016;;;;;;;
Democratic_Republic_of_the_Congo;Africa;2016;;;28000;;;;
Denmark;Europe;2016;;;99;;;;
Djibouti;Africa;2016;;;520;;;;
Dominica;America;2016;;;;;;;
Dominican_Republic;America;2016;;;2500;;;;
Ecuador;America;2016;;;830;;;;
Egypt;Africa;2016;;;350;;;;
El_Salvador;America;2016;;;530;;;;
Equatorial_Guinea;Africa;2016;;;2100;;;;
Eritrea;Africa;2016;;;375;;;;
Estonia;Europe;2016;;;99;;;;
Eswatini;Africa;2016;;;3100;;;;
Ethiopia;Africa;2016;;;16000;;;;
Falkland_Islands_(Malvinas);America;2016;;;;;;;
Faroe_Islands;Europe;2016;;;;;;;
Fiji;Oceania;2016;;;99;;;;
Finland;Europe;2016;;;;;;;
France;Europe;2016;;;;;;;
French_Polynesia;Oceania;2016;;;;;;;
Gabon;Africa;2016;;;1400;;;;
Gambia;Africa;2016;;;1300;;;;
Georgia;Europe;2016;;;99;;;;
Germany;Europe;2016;;;540;;;;
Ghana;Africa;2016;;;16000;;;;
Gibraltar;Europe;2016;;;;;;;
Greece;Europe;2016;;;99;;;;
Greenland;America;2016;;;;;;;
Grenada;America;2016;;;;;;;
Guam;Oceania;2016;;;;;;;
Guatemala;America;2016;;;1000;;;;
Guernsey;Europe;2016;;;;;;;
Guinea;Africa;2016;;;3700;;;;
Guinea_Bissau;Africa;2016;;;1800;;;;
Guyana;America;2016;;;150;;;;
Haiti;America;2016;;;3800;;;;
Holy_See;Europe;2016;;;;;;;
Honduras;America;2016;;;820;;;;
Hungary;Europe;2016;;;;;;;
Iceland;Europe;2016;;;99;;;;
India;Asia;2016;;;;;;;
Indonesia;Asia;2016;;;23000;;;;
Iran;Asia;2016;;;4100;;;;
Iraq;Asia;2016;;;;;;;
Ireland;Europe;2016;;;99;;;;
Isle_of_Man;Europe;2016;;;;;;;
Israel;Asia;2016;;;;;;;
Italy;Europe;2016;;;;;;;
Jamaica;America;2016;;;1000;;;;
Japan;Asia;2016;;;150;;;;
Jersey;Europe;2016;;;;;;;
Jordan;Asia;2016;;;99;;;;
Kazakhstan;Asia;2016;;;375;;;;
Kenya;Africa;2016;;;28000;;;;
Kosovo;Europe;2016;;;;;;;
Kuwait;Asia;2016;;;;;;;
Kyrgyzstan;Asia;2016;;;99;;;;
Laos;Asia;2016;;;499;;;;
Latvia;Europe;2016;;;;;;;
Lebanon;Asia;2016;;;99;;;;
Lesotho;Africa;2016;;;6500;;;;
Liberia;Africa;2016;;;2300;;;;
Libya;Africa;2016;;;150;;;;
Liechtenstein;Europe;2016;;;;;;;
Lithuania;Europe;2016;;;;;;;
Luxembourg;Europe;2016;;;;;;;
Madagascar;Africa;2016;;;1200;;;;
Malawi;Africa;2016;;;18000;;;;
Malaysia;Asia;2016;;;2800;;;;
Maldives;Asia;2016;;;;;;;
Mali;Africa;2016;;;5700;;;;
Malta;Europe;2016;;;;;;;
Marshall_Islands;Oceania;2016;;;;;;;
Mauritania;Africa;2016;;;540;;;;
Mauritius;Africa;2016;;;690;;;;
Mexico;America;2016;;;5000;;;;
Moldova;Europe;2016;;;540;;;;
Monaco;Europe;2016;;;;;;;
Mongolia;Asia;2016;;;99;;;;
Montenegro;Europe;2016;;;;;;;
Montserrat;America;2016;;;;;;;
Morocco;Africa;2016;;;620;;;;
Mozambique;Africa;2016;;;46000;;;;
Myanmar;Asia;2016;;;;;;;
Namibia;Africa;2016;;;3300;;;;
Nepal;Asia;2016;;;880;;;;
Netherlands;Europe;2016;;;150;;;;
New_Caledonia;Oceania;2016;;;;;;;
New_Zealand;Oceania;2016;;;99;;;;
Nicaragua;America;2016;;;350;;;;
Niger;Africa;2016;;;1600;;;;
Nigeria;Africa;2016;;;47000;;;;
North_Macedonia;Europe;2016;;;;;;;
Northern_Mariana_Islands;Oceania;2016;;;;;;;
Norway;Europe;2016;;;99;;;;
Oman;Asia;2016;;;;;;;
Pakistan;Asia;2016;;;5700;;;;
Palestine;Asia;2016;;;;;;;
Panama;America;2016;;;540;;;;
Papua_New_Guinea;Oceania;2016;;;705;;;;
Paraguay;America;2016;;;540;;;;
Peru;America;2016;;;1700;;;;
Philippines;Asia;2016;;;535;;;;
Poland;Europe;2016;;;;;;;
Portugal;Europe;2016;;;530;;;;
Puerto_Rico;America;2016;;;;;;;
Qatar;Asia;2016;;;99;;;;
Romania;Europe;2016;;;300;;;;
Russia;Europe;2016;;;;;;;
Rwanda;Africa;2016;;;3400;;;;
Saint_Kitts_and_Nevis;America;2016;;;;;;;
Saint_Lucia;America;2016;;;;;;;
Saint_Vincent_and_the_Grenadines;America;2016;;;;;;;
San_Marino;Europe;2016;;;;;;;
Sao_Tome_and_Principe;Africa;2016;;;99;;;;
Saudi_Arabia;Asia;2016;;;99;;;;
Senegal;Africa;2016;;;1900;;;;
Serbia;Europe;2016;;;99;;;;
Seychelles;Africa;2016;;;;;;;
Sierra_Leone;Africa;2016;;;4100;;;;
Singapore;Asia;2016;;;99;;;;
Sint_Maarten;America;2016;;;;;;;
Slovakia;Europe;2016;;;;;;;
Slovenia;Europe;2016;;;;;;;
Solomon_Islands;Oceania;2016;;;;;;;
Somalia;Africa;2016;;;670;;;;
South_Africa;Africa;2016;;;90000;;;;
South_Korea;Asia;2016;;;;;;;
South_Sudan;Africa;2016;;;9400;;;;
Spain;Europe;2016;;;710;;;;
Sri_Lanka;Asia;2016;;;350;;;;
Sudan;Africa;2016;;;2800;;;;
Suriname;America;2016;;;150;;;;
Sweden;Europe;2016;;;;;;;
Switzerland;Europe;2016;;;350;;;;
Syria;Asia;2016;;;99;;;;
Taiwan;Asia;2016;;;;;;;
Tajikistan;Asia;2016;;;499;;;;
Thailand;Asia;2016;;;20000;;;;
Timor_Leste;Asia;2016;;;99;;;;
Togo;Africa;2016;;;4500;;;;
Trinidad_and_Tobago;America;2016;;;350;;;;
Tunisia;Africa;2016;;;199;;;;
Turkey;Europe;2016;;;;;;;
Turks_and_Caicos_islands;America;2016;;;;;;;
Uganda;Africa;2016;;;29000;;;;
Ukraine;Europe;2016;;;8400;;;;
United_Arab_Emirates;Asia;2016;;;99;;;;
United_Kingdom;Europe;2016;;;;;;;
United_Republic_of_Tanzania;Africa;2016;;;39000;;;;
United_States_of_America;America;2016;;;;;;;
United_States_Virgin_Islands;America;2016;;;;;;;
Uruguay;America;2016;;;300;;;;
Uzbekistan;Asia;2016;;;1100;;;;
Vanuatu;Oceania;2016;;;;;;;
Venezuela;America;2016;;;2400;;;;
Vietnam;Asia;2016;;;4400;;;;
Wallis_and_Futuna;Oceania;2016;;;;;;;
Western_Sahara;Africa;2016;;;;;;;
Yemen;Asia;2016;;;499;;;;
Zambia;Africa;2016;;;25000;;;;
Zimbabwe;Africa;2016;;;26000;;;;
Afghanistan;Asia;2015;;;600;;;;
Albania;Europe;2015;;;99;;;;
Algeria;Africa;2015;;;199;;;;
Andorra;Europe;2015;;;;;;;
Angola;Africa;2015;;;14000;;;;
Anguilla;America;2015;;;;;;;
Antigua_and_Barbuda;America;2015;;;;;;;
Argentina;America;2015;;;1300;;;;
Armenia;Europe;2015;;;350;;;;
Aruba;America;2015;;;;;;;
Australia;Oceania;2015;;;99;;;;
Austria;Europe;2015;;;;;;;
Azerbaijan;Europe;2015;;;390;;;;
Bahamas;America;2015;;;;;;;
Bahrain;Asia;2015;;;;;;;
Bangladesh;Asia;2015;;;;;;;
Barbados;America;2015;;;;;;;
Belarus;Europe;2015;;;370;;;;
Belgium;Europe;2015;;;;;;;
Belize;America;2015;;;300;;;;
Benin;Africa;2015;;;2700;;;;
Bermuda;America;2015;;;;;;;
Bhutan;Asia;2015;;;150;;;;
Bolivia;America;2015;;;515;;;;
Bonaire, Saint Eustatius and Saba;America;2015;;;;;;;
Bosnia_and_Herzegovina;Europe;2015;;;;;;;
Botswana;Africa;2015;;;5100;;;;
Brazil;America;2015;;;16000;;;;
British_Virgin_Islands;America;2015;;;;;;;
Brunei_Darussalam;Asia;2015;;;;;;;
Bulgaria;Europe;2015;;;;;;;
Burkina_Faso;Africa;2015;;;5300;;;;
Burundi;Africa;2015;;;3500;;;;
Cambodia;Asia;2015;;;1700;;;;
Cameroon;Africa;2015;;;25000;;;;
Canada;America;2015;;;;;;;
Cape_Verde;Africa;2015;;;99;;;;
Cayman_Islands;America;2015;;;;;;;
Central_African_Republic;Africa;2015;;;5800;;;;
Chad;Africa;2015;;;3800;;;;
Chile;America;2015;;;;;;;
China;Asia;2015;;;;;;;
Colombia;America;2015;;;3100;;;;
Comoros;Africa;2015;;;99;;;;
Congo;Africa;2015;;;5500;;;;
Costa_Rica;America;2015;;;350;;;;
Cote_dIvoire;Africa;2015;;;20000;;;;
Croatia;Europe;2015;;;99;;;;
Cuba;America;2015;;;499;;;;
CuraÃƒÂ§ao;America;2015;;;;;;;
Cyprus;Europe;2015;;;;;;;
Czechia;Europe;2015;;;;;;;
Democratic_Republic_of_the_Congo;Africa;2015;;;32000;;;;
Denmark;Europe;2015;;;99;;;;
Djibouti;Africa;2015;;;630;;;;
Dominica;America;2015;;;;;;;
Dominican_Republic;America;2015;;;2700;;;;
Ecuador;America;2015;;;1100;;;;
Egypt;Africa;2015;;;350;;;;
El_Salvador;America;2015;;;525;;;;
Equatorial_Guinea;Africa;2015;;;1800;;;;
Eritrea;Africa;2015;;;395;;;;
Estonia;Europe;2015;;;99;;;;
Eswatini;Africa;2015;;;3300;;;;
Ethiopia;Africa;2015;;;16000;;;;
Falkland_Islands_(Malvinas);America;2015;;;;;;;
Faroe_Islands;Europe;2015;;;;;;;
Fiji;Oceania;2015;;;99;;;;
Finland;Europe;2015;;;;;;;
France;Europe;2015;;;;;;;
French_Polynesia;Oceania;2015;;;;;;;
Gabon;Africa;2015;;;1600;;;;
Gambia;Africa;2015;;;1200;;;;
Georgia;Europe;2015;;;99;;;;
Germany;Europe;2015;;;535;;;;
Ghana;Africa;2015;;;16000;;;;
Gibraltar;Europe;2015;;;;;;;
Greece;Europe;2015;;;99;;;;
Greenland;America;2015;;;;;;;
Grenada;America;2015;;;;;;;
Guam;Oceania;2015;;;;;;;
Guatemala;America;2015;;;910;;;;
Guernsey;Europe;2015;;;;;;;
Guinea;Africa;2015;;;3700;;;;
Guinea_Bissau;Africa;2015;;;1900;;;;
Guyana;America;2015;;;150;;;;
Haiti;America;2015;;;4000;;;;
Holy_See;Europe;2015;;;;;;;
Honduras;America;2015;;;870;;;;
Hungary;Europe;2015;;;;;;;
Iceland;Europe;2015;;;99;;;;
India;Asia;2015;;;;;;;
Indonesia;Asia;2015;;;22000;;;;
Iran;Asia;2015;;;4200;;;;
Iraq;Asia;2015;;;;;;;
Ireland;Europe;2015;;;99;;;;
Isle_of_Man;Europe;2015;;;;;;;
Israel;Asia;2015;;;;;;;
Italy;Europe;2015;;;;;;;
Jamaica;America;2015;;;970;;;;
Japan;Asia;2015;;;350;;;;
Jersey;Europe;2015;;;;;;;
Jordan;Asia;2015;;;99;;;;
Kazakhstan;Asia;2015;;;430;;;;
Kenya;Africa;2015;;;33000;;;;
Kosovo;Europe;2015;;;;;;;
Kuwait;Asia;2015;;;;;;;
Kyrgyzstan;Asia;2015;;;99;;;;
Laos;Asia;2015;;;499;;;;
Latvia;Europe;2015;;;;;;;
Lebanon;Asia;2015;;;99;;;;
Lesotho;Africa;2015;;;7100;;;;
Liberia;Africa;2015;;;2300;;;;
Libya;Africa;2015;;;150;;;;
Liechtenstein;Europe;2015;;;;;;;
Lithuania;Europe;2015;;;;;;;
Luxembourg;Europe;2015;;;;;;;
Madagascar;Africa;2015;;;1100;;;;
Malawi;Africa;2015;;;19000;;;;
Malaysia;Asia;2015;;;3200;;;;
Maldives;Asia;2015;;;;;;;
Mali;Africa;2015;;;6100;;;;
Malta;Europe;2015;;;;;;;
Marshall_Islands;Oceania;2015;;;;;;;
Mauritania;Africa;2015;;;550;;;;
Mauritius;Africa;2015;;;660;;;;
Mexico;America;2015;;;5900;;;;
Moldova;Europe;2015;;;590;;;;
Monaco;Europe;2015;;;;;;;
Mongolia;Asia;2015;;;99;;;;
Montenegro;Europe;2015;;;;;;;
Montserrat;America;2015;;;;;;;
Morocco;Africa;2015;;;650;;;;
Mozambique;Africa;2015;;;50000;;;;
Myanmar;Asia;2015;;;;;;;
Namibia;Africa;2015;;;2900;;;;
Nepal;Asia;2015;;;930;;;;
Netherlands;Europe;2015;;;150;;;;
New_Caledonia;Oceania;2015;;;;;;;
New_Zealand;Oceania;2015;;;99;;;;
Nicaragua;America;2015;;;350;;;;
Niger;Africa;2015;;;1700;;;;
Nigeria;Africa;2015;;;48000;;;;
North_Macedonia;Europe;2015;;;;;;;
Northern_Mariana_Islands;Oceania;2015;;;;;;;
Norway;Europe;2015;;;99;;;;
Oman;Asia;2015;;;;;;;
Pakistan;Asia;2015;;;4900;;;;
Palestine;Asia;2015;;;;;;;
Panama;America;2015;;;530;;;;
Papua_New_Guinea;Oceania;2015;;;715;;;;
Paraguay;America;2015;;;570;;;;
Peru;America;2015;;;1300;;;;
Philippines;Asia;2015;;;499;;;;
Poland;Europe;2015;;;;;;;
Portugal;Europe;2015;;;545;;;;
Puerto_Rico;America;2015;;;;;;;
Qatar;Asia;2015;;;99;;;;
Romania;Europe;2015;;;350;;;;
Russia;Europe;2015;;;;;;;
Rwanda;Africa;2015;;;3600;;;;
Saint_Kitts_and_Nevis;America;2015;;;;;;;
Saint_Lucia;America;2015;;;;;;;
Saint_Vincent_and_the_Grenadines;America;2015;;;;;;;
San_Marino;Europe;2015;;;;;;;
Sao_Tome_and_Principe;Africa;2015;;;99;;;;
Saudi_Arabia;Asia;2015;;;99;;;;
Senegal;Africa;2015;;;2100;;;;
Serbia;Europe;2015;;;99;;;;
Seychelles;Africa;2015;;;;;;;
Sierra_Leone;Africa;2015;;;4200;;;;
Singapore;Asia;2015;;;99;;;;
Sint_Maarten;America;2015;;;;;;;
Slovakia;Europe;2015;;;;;;;
Slovenia;Europe;2015;;;;;;;
Solomon_Islands;Oceania;2015;;;;;;;
Somalia;Africa;2015;;;750;;;;
South_Africa;Africa;2015;;;93000;;;;
South_Korea;Asia;2015;;;;;;;
South_Sudan;Africa;2015;;;10000;;;;
Spain;Europe;2015;;;720;;;;
Sri_Lanka;Asia;2015;;;350;;;;
Sudan;Africa;2015;;;2900;;;;
Suriname;America;2015;;;150;;;;
Sweden;Europe;2015;;;;;;;
Switzerland;Europe;2015;;;350;;;;
Syria;Asia;2015;;;99;;;;
Taiwan;Asia;2015;;;;;;;
Tajikistan;Asia;2015;;;499;;;;
Thailand;Asia;2015;;;22000;;;;
Timor_Leste;Asia;2015;;;99;;;;
Togo;Africa;2015;;;4600;;;;
Trinidad_and_Tobago;America;2015;;;350;;;;
Tunisia;Africa;2015;;;199;;;;
Turkey;Europe;2015;;;;;;;
Turks_and_Caicos_islands;America;2015;;;;;;;
Uganda;Africa;2015;;;32000;;;;
Ukraine;Europe;2015;;;7400;;;;
United_Arab_Emirates;Asia;2015;;;99;;;;
United_Kingdom;Europe;2015;;;;;;;
United_Republic_of_Tanzania;Africa;2015;;;41000;;;;
United_States_of_America;America;2015;;;;;;;
United_States_Virgin_Islands;America;2015;;;;;;;
Uruguay;America;2015;;;199;;;;
Uzbekistan;Asia;2015;;;1400;;;;
Vanuatu;Oceania;2015;;;;;;;
Venezuela;America;2015;;;3400;;;;
Vietnam;Asia;2015;;;4900;;;;
Wallis_and_Futuna;Oceania;2015;;;;;;;
Western_Sahara;Africa;2015;;;;;;;
Yemen;Asia;2015;;;499;;;;
Zambia;Africa;2015;;;26000;;;;
Zimbabwe;Africa;2015;;;27000;;;;
Afghanistan;Asia;2014;;;545;;;;
Albania;Europe;2014;;;99;;;;
Algeria;Africa;2014;;;199;;;;
Andorra;Europe;2014;;;;;;;
Angola;Africa;2014;;;15000;;;;
Anguilla;America;2014;;;;;;;
Antigua_and_Barbuda;America;2014;;;;;;;
Argentina;America;2014;;;1300;;;;
Armenia;Europe;2014;;;350;;;;
Aruba;America;2014;;;;;;;
Australia;Oceania;2014;;;99;;;;
Austria;Europe;2014;;;;;;;
Azerbaijan;Europe;2014;;;400;;;;
Bahamas;America;2014;;;;;;;
Bahrain;Asia;2014;;;;;;;
Bangladesh;Asia;2014;;;;;;;
Barbados;America;2014;;;;;;;
Belarus;Europe;2014;;;350;;;;
Belgium;Europe;2014;;;;;;;
Belize;America;2014;;;300;;;;
Benin;Africa;2014;;;2500;;;;
Bermuda;America;2014;;;;;;;
Bhutan;Asia;2014;;;150;;;;
Bolivia;America;2014;;;545;;;;
Bonaire, Saint Eustatius and Saba;America;2014;;;;;;;
Bosnia_and_Herzegovina;Europe;2014;;;;;;;
Botswana;Africa;2014;;;5400;;;;
Brazil;America;2014;;;16000;;;;
British_Virgin_Islands;America;2014;;;;;;;
Brunei_Darussalam;Asia;2014;;;;;;;
Bulgaria;Europe;2014;;;;;;;
Burkina_Faso;Africa;2014;;;6100;;;;
Burundi;Africa;2014;;;3800;;;;
Cambodia;Asia;2014;;;1600;;;;
Cameroon;Africa;2014;;;25000;;;;
Canada;America;2014;;;;;;;
Cape_Verde;Africa;2014;;;99;;;;
Cayman_Islands;America;2014;;;;;;;
Central_African_Republic;Africa;2014;;;6900;;;;
Chad;Africa;2014;;;4000;;;;
Chile;America;2014;;;;;;;
China;Asia;2014;;;;;;;
Colombia;America;2014;;;3500;;;;
Comoros;Africa;2014;;;99;;;;
Congo;Africa;2014;;;5300;;;;
Costa_Rica;America;2014;;;350;;;;
Cote_dIvoire;Africa;2014;;;23000;;;;
Croatia;Europe;2014;;;99;;;;
Cuba;America;2014;;;499;;;;
CuraÃƒÂ§ao;America;2014;;;;;;;
Cyprus;Europe;2014;;;;;;;
Czechia;Europe;2014;;;;;;;
Democratic_Republic_of_the_Congo;Africa;2014;;;34000;;;;
Denmark;Europe;2014;;;99;;;;
Djibouti;Africa;2014;;;700;;;;
Dominica;America;2014;;;;;;;
Dominican_Republic;America;2014;;;3000;;;;
Ecuador;America;2014;;;1200;;;;
Egypt;Africa;2014;;;350;;;;
El_Salvador;America;2014;;;499;;;;
Equatorial_Guinea;Africa;2014;;;1700;;;;
Eritrea;Africa;2014;;;430;;;;
Estonia;Europe;2014;;;99;;;;
Eswatini;Africa;2014;;;3400;;;;
Ethiopia;Africa;2014;;;16000;;;;
Falkland_Islands_(Malvinas);America;2014;;;;;;;
Faroe_Islands;Europe;2014;;;;;;;
Fiji;Oceania;2014;;;99;;;;
Finland;Europe;2014;;;;;;;
France;Europe;2014;;;;;;;
French_Polynesia;Oceania;2014;;;;;;;
Gabon;Africa;2014;;;1700;;;;
Gambia;Africa;2014;;;1200;;;;
Georgia;Europe;2014;;;99;;;;
Germany;Europe;2014;;;530;;;;
Ghana;Africa;2014;;;16000;;;;
Gibraltar;Europe;2014;;;;;;;
Greece;Europe;2014;;;99;;;;
Greenland;America;2014;;;;;;;
Grenada;America;2014;;;;;;;
Guam;Oceania;2014;;;;;;;
Guatemala;America;2014;;;830;;;;
Guernsey;Europe;2014;;;;;;;
Guinea;Africa;2014;;;3400;;;;
Guinea_Bissau;Africa;2014;;;1900;;;;
Guyana;America;2014;;;150;;;;
Haiti;America;2014;;;4400;;;;
Holy_See;Europe;2014;;;;;;;
Honduras;America;2014;;;890;;;;
Hungary;Europe;2014;;;;;;;
Iceland;Europe;2014;;;99;;;;
India;Asia;2014;;;;;;;
Indonesia;Asia;2014;;;21000;;;;
Iran;Asia;2014;;;4300;;;;
Iraq;Asia;2014;;;;;;;
Ireland;Europe;2014;;;99;;;;
Isle_of_Man;Europe;2014;;;;;;;
Israel;Asia;2014;;;;;;;
Italy;Europe;2014;;;;;;;
Jamaica;America;2014;;;980;;;;
Japan;Asia;2014;;;350;;;;
Jersey;Europe;2014;;;;;;;
Jordan;Asia;2014;;;99;;;;
Kazakhstan;Asia;2014;;;460;;;;
Kenya;Africa;2014;;;35000;;;;
Kosovo;Europe;2014;;;;;;;
Kuwait;Asia;2014;;;;;;;
Kyrgyzstan;Asia;2014;;;150;;;;
Laos;Asia;2014;;;499;;;;
Latvia;Europe;2014;;;;;;;
Lebanon;Asia;2014;;;99;;;;
Lesotho;Africa;2014;;;7200;;;;
Liberia;Africa;2014;;;2300;;;;
Libya;Africa;2014;;;150;;;;
Liechtenstein;Europe;2014;;;;;;;
Lithuania;Europe;2014;;;;;;;
Luxembourg;Europe;2014;;;;;;;
Madagascar;Africa;2014;;;960;;;;
Malawi;Africa;2014;;;21000;;;;
Malaysia;Asia;2014;;;3600;;;;
Maldives;Asia;2014;;;;;;;
Mali;Africa;2014;;;6000;;;;
Malta;Europe;2014;;;;;;;
Marshall_Islands;Oceania;2014;;;;;;;
Mauritania;Africa;2014;;;560;;;;
Mauritius;Africa;2014;;;660;;;;
Mexico;America;2014;;;6000;;;;
Moldova;Europe;2014;;;620;;;;
Monaco;Europe;2014;;;;;;;
Mongolia;Asia;2014;;;99;;;;
Montenegro;Europe;2014;;;;;;;
Montserrat;America;2014;;;;;;;
Morocco;Africa;2014;;;670;;;;
Mozambique;Africa;2014;;;57000;;;;
Myanmar;Asia;2014;;;;;;;
Namibia;Africa;2014;;;3000;;;;
Nepal;Asia;2014;;;1000;;;;
Netherlands;Europe;2014;;;150;;;;
New_Caledonia;Oceania;2014;;;;;;;
New_Zealand;Oceania;2014;;;99;;;;
Nicaragua;America;2014;;;350;;;;
Niger;Africa;2014;;;1500;;;;
Nigeria;Africa;2014;;;52000;;;;
North_Macedonia;Europe;2014;;;;;;;
Northern_Mariana_Islands;Oceania;2014;;;;;;;
Norway;Europe;2014;;;99;;;;
Oman;Asia;2014;;;;;;;
Pakistan;Asia;2014;;;4200;;;;
Palestine;Asia;2014;;;;;;;
Panama;America;2014;;;510;;;;
Papua_New_Guinea;Oceania;2014;;;580;;;;
Paraguay;America;2014;;;620;;;;
Peru;America;2014;;;1300;;;;
Philippines;Asia;2014;;;499;;;;
Poland;Europe;2014;;;;;;;
Portugal;Europe;2014;;;520;;;;
Puerto_Rico;America;2014;;;;;;;
Qatar;Asia;2014;;;99;;;;
Romania;Europe;2014;;;365;;;;
Russia;Europe;2014;;;;;;;
Rwanda;Africa;2014;;;3900;;;;
Saint_Kitts_and_Nevis;America;2014;;;;;;;
Saint_Lucia;America;2014;;;;;;;
Saint_Vincent_and_the_Grenadines;America;2014;;;;;;;
San_Marino;Europe;2014;;;;;;;
Sao_Tome_and_Principe;Africa;2014;;;99;;;;
Saudi_Arabia;Asia;2014;;;99;;;;
Senegal;Africa;2014;;;2300;;;;
Serbia;Europe;2014;;;99;;;;
Seychelles;Africa;2014;;;;;;;
Sierra_Leone;Africa;2014;;;4100;;;;
Singapore;Asia;2014;;;99;;;;
Sint_Maarten;America;2014;;;;;;;
Slovakia;Europe;2014;;;;;;;
Slovenia;Europe;2014;;;;;;;
Solomon_Islands;Oceania;2014;;;;;;;
Somalia;Africa;2014;;;800;;;;
South_Africa;Africa;2014;;;99000;;;;
South_Korea;Asia;2014;;;;;;;
South_Sudan;Africa;2014;;;11000;;;;
Spain;Europe;2014;;;730;;;;
Sri_Lanka;Asia;2014;;;350;;;;
Sudan;Africa;2014;;;2900;;;;
Suriname;America;2014;;;150;;;;
Sweden;Europe;2014;;;;;;;
Switzerland;Europe;2014;;;350;;;;
Syria;Asia;2014;;;99;;;;
Taiwan;Asia;2014;;;;;;;
Tajikistan;Asia;2014;;;499;;;;
Thailand;Asia;2014;;;23000;;;;
Timor_Leste;Asia;2014;;;99;;;;
Togo;Africa;2014;;;4600;;;;
Trinidad_and_Tobago;America;2014;;;350;;;;
Tunisia;Africa;2014;;;199;;;;
Turkey;Europe;2014;;;;;;;
Turks_and_Caicos_islands;America;2014;;;;;;;
Uganda;Africa;2014;;;37000;;;;
Ukraine;Europe;2014;;;7700;;;;
United_Arab_Emirates;Asia;2014;;;99;;;;
United_Kingdom;Europe;2014;;;;;;;
United_Republic_of_Tanzania;Africa;2014;;;43000;;;;
United_States_of_America;America;2014;;;;;;;
United_States_Virgin_Islands;America;2014;;;;;;;
Uruguay;America;2014;;;350;;;;
Uzbekistan;Asia;2014;;;1500;;;;
Vanuatu;Oceania;2014;;;;;;;
Venezuela;America;2014;;;3200;;;;
Vietnam;Asia;2014;;;5100;;;;
Wallis_and_Futuna;Oceania;2014;;;;;;;
Western_Sahara;Africa;2014;;;;;;;
Yemen;Asia;2014;;;499;;;;
Zambia;Africa;2014;;;27000;;;;
Zimbabwe;Africa;2014;;;29000;;;;
Afghanistan;Asia;2013;;;485;;;;
Albania;Europe;2013;;;99;;;;
Algeria;Africa;2013;;;199;;;;
Andorra;Europe;2013;;;;;;;
Angola;Africa;2013;;;16000;;;;
Anguilla;America;2013;;;;;;;
Antigua_and_Barbuda;America;2013;;;;;;;
Argentina;America;2013;;;1300;;;;
Armenia;Europe;2013;;;350;;;;
Aruba;America;2013;;;;;;;
Australia;Oceania;2013;;;150;;;;
Austria;Europe;2013;;;;;;;
Azerbaijan;Europe;2013;;;425;;;;
Bahamas;America;2013;;;;;;;
Bahrain;Asia;2013;;;;;;;
Bangladesh;Asia;2013;;;;;;;
Barbados;America;2013;;;;;;;
Belarus;Europe;2013;;;350;;;;
Belgium;Europe;2013;;;;;;;
Belize;America;2013;;;150;;;;
Benin;Africa;2013;;;2400;;;;
Bermuda;America;2013;;;;;;;
Bhutan;Asia;2013;;;150;;;;
Bolivia;America;2013;;;570;;;;
Bonaire, Saint Eustatius and Saba;America;2013;;;;;;;
Bosnia_and_Herzegovina;Europe;2013;;;;;;;
Botswana;Africa;2013;;;5500;;;;
Brazil;America;2013;;;15000;;;;
British_Virgin_Islands;America;2013;;;;;;;
Brunei_Darussalam;Asia;2013;;;;;;;
Bulgaria;Europe;2013;;;;;;;
Burkina_Faso;Africa;2013;;;6300;;;;
Burundi;Africa;2013;;;4000;;;;
Cambodia;Asia;2013;;;1500;;;;
Cameroon;Africa;2013;;;24000;;;;
Canada;America;2013;;;;;;;
Cape_Verde;Africa;2013;;;99;;;;
Cayman_Islands;America;2013;;;;;;;
Central_African_Republic;Africa;2013;;;7300;;;;
Chad;Africa;2013;;;4000;;;;
Chile;America;2013;;;;;;;
China;Asia;2013;;;;;;;
Colombia;America;2013;;;3900;;;;
Comoros;Africa;2013;;;99;;;;
Congo;Africa;2013;;;5100;;;;
Costa_Rica;America;2013;;;199;;;;
Cote_dIvoire;Africa;2013;;;24000;;;;
Croatia;Europe;2013;;;99;;;;
Cuba;America;2013;;;499;;;;
CuraÃƒÂ§ao;America;2013;;;;;;;
Cyprus;Europe;2013;;;;;;;
Czechia;Europe;2013;;;;;;;
Democratic_Republic_of_the_Congo;Africa;2013;;;36000;;;;
Denmark;Europe;2013;;;99;;;;
Djibouti;Africa;2013;;;730;;;;
Dominica;America;2013;;;;;;;
Dominican_Republic;America;2013;;;3200;;;;
Ecuador;America;2013;;;1000;;;;
Egypt;Africa;2013;;;350;;;;
El_Salvador;America;2013;;;499;;;;
Equatorial_Guinea;Africa;2013;;;1900;;;;
Eritrea;Africa;2013;;;615;;;;
Estonia;Europe;2013;;;99;;;;
Eswatini;Africa;2013;;;3400;;;;
Ethiopia;Africa;2013;;;17000;;;;
Falkland_Islands_(Malvinas);America;2013;;;;;;;
Faroe_Islands;Europe;2013;;;;;;;
Fiji;Oceania;2013;;;99;;;;
Finland;Europe;2013;;;;;;;
France;Europe;2013;;;;;;;
French_Polynesia;Oceania;2013;;;;;;;
Gabon;Africa;2013;;;2000;;;;
Gambia;Africa;2013;;;1100;;;;
Georgia;Europe;2013;;;99;;;;
Germany;Europe;2013;;;530;;;;
Ghana;Africa;2013;;;16000;;;;
Gibraltar;Europe;2013;;;;;;;
Greece;Europe;2013;;;99;;;;
Greenland;America;2013;;;;;;;
Grenada;America;2013;;;;;;;
Guam;Oceania;2013;;;;;;;
Guatemala;America;2013;;;830;;;;
Guernsey;Europe;2013;;;;;;;
Guinea;Africa;2013;;;3200;;;;
Guinea_Bissau;Africa;2013;;;1800;;;;
Guyana;America;2013;;;150;;;;
Haiti;America;2013;;;5000;;;;
Holy_See;Europe;2013;;;;;;;
Honduras;America;2013;;;960;;;;
Hungary;Europe;2013;;;;;;;
Iceland;Europe;2013;;;99;;;;
India;Asia;2013;;;;;;;
Indonesia;Asia;2013;;;19000;;;;
Iran;Asia;2013;;;4300;;;;
Iraq;Asia;2013;;;;;;;
Ireland;Europe;2013;;;99;;;;
Isle_of_Man;Europe;2013;;;;;;;
Israel;Asia;2013;;;;;;;
Italy;Europe;2013;;;;;;;
Jamaica;America;2013;;;1000;;;;
Japan;Asia;2013;;;350;;;;
Jersey;Europe;2013;;;;;;;
Jordan;Asia;2013;;;99;;;;
Kazakhstan;Asia;2013;;;630;;;;
Kenya;Africa;2013;;;37000;;;;
Kosovo;Europe;2013;;;;;;;
Kuwait;Asia;2013;;;;;;;
Kyrgyzstan;Asia;2013;;;199;;;;
Laos;Asia;2013;;;499;;;;
Latvia;Europe;2013;;;;;;;
Lebanon;Asia;2013;;;99;;;;
Lesotho;Africa;2013;;;7000;;;;
Liberia;Africa;2013;;;2400;;;;
Libya;Africa;2013;;;150;;;;
Liechtenstein;Europe;2013;;;;;;;
Lithuania;Europe;2013;;;;;;;
Luxembourg;Europe;2013;;;;;;;
Madagascar;Africa;2013;;;820;;;;
Malawi;Africa;2013;;;24000;;;;
Malaysia;Asia;2013;;;3900;;;;
Maldives;Asia;2013;;;;;;;
Mali;Africa;2013;;;5700;;;;
Malta;Europe;2013;;;;;;;
Marshall_Islands;Oceania;2013;;;;;;;
Mauritania;Africa;2013;;;580;;;;
Mauritius;Africa;2013;;;630;;;;
Mexico;America;2013;;;5800;;;;
Moldova;Europe;2013;;;620;;;;
Monaco;Europe;2013;;;;;;;
Mongolia;Asia;2013;;;99;;;;
Montenegro;Europe;2013;;;;;;;
Montserrat;America;2013;;;;;;;
Morocco;Africa;2013;;;730;;;;
Mozambique;Africa;2013;;;64000;;;;
Myanmar;Asia;2013;;;;;;;
Namibia;Africa;2013;;;3200;;;;
Nepal;Asia;2013;;;1100;;;;
Netherlands;Europe;2013;;;150;;;;
New_Caledonia;Oceania;2013;;;;;;;
New_Zealand;Oceania;2013;;;99;;;;
Nicaragua;America;2013;;;350;;;;
Niger;Africa;2013;;;1600;;;;
Nigeria;Africa;2013;;;60000;;;;
North_Macedonia;Europe;2013;;;;;;;
Northern_Mariana_Islands;Oceania;2013;;;;;;;
Norway;Europe;2013;;;99;;;;
Oman;Asia;2013;;;;;;;
Pakistan;Asia;2013;;;3300;;;;
Palestine;Asia;2013;;;;;;;
Panama;America;2013;;;550;;;;
Papua_New_Guinea;Oceania;2013;;;690;;;;
Paraguay;America;2013;;;680;;;;
Peru;America;2013;;;1100;;;;
Philippines;Asia;2013;;;499;;;;
Poland;Europe;2013;;;;;;;
Portugal;Europe;2013;;;560;;;;
Puerto_Rico;America;2013;;;;;;;
Qatar;Asia;2013;;;99;;;;
Romania;Europe;2013;;;385;;;;
Russia;Europe;2013;;;;;;;
Rwanda;Africa;2013;;;4200;;;;
Saint_Kitts_and_Nevis;America;2013;;;;;;;
Saint_Lucia;America;2013;;;;;;;
Saint_Vincent_and_the_Grenadines;America;2013;;;;;;;
San_Marino;Europe;2013;;;;;;;
Sao_Tome_and_Principe;Africa;2013;;;99;;;;
Saudi_Arabia;Asia;2013;;;99;;;;
Senegal;Africa;2013;;;2200;;;;
Serbia;Europe;2013;;;99;;;;
Seychelles;Africa;2013;;;;;;;
Sierra_Leone;Africa;2013;;;3900;;;;
Singapore;Asia;2013;;;150;;;;
Sint_Maarten;America;2013;;;;;;;
Slovakia;Europe;2013;;;;;;;
Slovenia;Europe;2013;;;;;;;
Solomon_Islands;Oceania;2013;;;;;;;
Somalia;Africa;2013;;;890;;;;
South_Africa;Africa;2013;;;11000;;;;
South_Korea;Asia;2013;;;;;;;
South_Sudan;Africa;2013;;;11000;;;;
Spain;Europe;2013;;;760;;;;
Sri_Lanka;Asia;2013;;;499;;;;
Sudan;Africa;2013;;;2900;;;;
Suriname;America;2013;;;150;;;;
Sweden;Europe;2013;;;;;;;
Switzerland;Europe;2013;;;350;;;;
Syria;Asia;2013;;;99;;;;
Taiwan;Asia;2013;;;;;;;
Tajikistan;Asia;2013;;;350;;;;
Thailand;Asia;2013;;;25000;;;;
Timor_Leste;Asia;2013;;;99;;;;
Togo;Africa;2013;;;4700;;;;
Trinidad_and_Tobago;America;2013;;;499;;;;
Tunisia;Africa;2013;;;199;;;;
Turkey;Europe;2013;;;;;;;
Turks_and_Caicos_islands;America;2013;;;;;;;
Uganda;Africa;2013;;;42000;;;;
Ukraine;Europe;2013;;;9500;;;;
United_Arab_Emirates;Asia;2013;;;99;;;;
United_Kingdom;Europe;2013;;;;;;;
United_Republic_of_Tanzania;Africa;2013;;;50000;;;;
United_States_of_America;America;2013;;;;;;;
United_States_Virgin_Islands;America;2013;;;;;;;
Uruguay;America;2013;;;350;;;;
Uzbekistan;Asia;2013;;;1100;;;;
Vanuatu;Oceania;2013;;;;;;;
Venezuela;America;2013;;;2800;;;;
Vietnam;Asia;2013;;;5400;;;;
Wallis_and_Futuna;Oceania;2013;;;;;;;
Western_Sahara;Africa;2013;;;;;;;
Yemen;Asia;2013;;;499;;;;
Zambia;Africa;2013;;;28000;;;;
Zimbabwe;Africa;2013;;;33000;;;;
